id,first_name,last_name,email,gender,country
1,Jordan,Rigolle,jrigolle0@1und1.de,M,China
2,Porty,Tome,ptome1@cbslocal.com,M,China
3,Thornie,Rableau,trableau2@china.com.cn,M,United States
4,Jeddy,Damrell,jdamrell3@wordpress.com,M,Russia
5,Bartholomew,Summerfield,bsummerfield4@businessweek.com,M,China
6,Mariya,True,mtrue5@hp.com,F,Russia
7,Filbert,Morad,fmorad6@indiatimes.com,M,Indonesia
8,Christophorus,Missen,cmissen7@google.cn,M,China
9,Vito,Dalwood,vdalwood8@sitemeter.com,M,China
10,Bendix,Algore,balgore9@phoca.cz,M,China
11,Laurella,Inott,linotta@tamu.edu,F,Indonesia
12,Vernon,Elleray,vellerayb@canalblog.com,M,Russia
13,Jo ann,Finnis,jfinnisc@godaddy.com,F,United States
14,Patrizia,Szymczyk,pszymczykd@vinaora.com,F,Russia
15,Evyn,Fennell,efennelle@tmall.com,M,Indonesia
16,Barbie,Dast,bdastf@skyrock.com,F,China
17,Quill,Petry,qpetryg@nsw.gov.au,M,Russia
18,Britt,Burd,bburdh@hibu.com,F,China
19,Roland,Mullett,rmulletti@unesco.org,M,China
20,Petunia,Paulat,ppaulatj@google.com,F,Indonesia
21,Nata,Maeer,nmaeerk@amazon.de,F,China
22,Loren,Tuison,ltuisonl@upenn.edu,F,Indonesia
23,Kristine,Scemp,kscempm@ox.ac.uk,F,China
24,Evey,Mulchrone,emulchronen@baidu.com,F,Russia
25,Nanon,Lingley,nlingleyo@kickstarter.com,F,Indonesia
26,Gasper,Lanphere,glanpherep@tinyurl.com,M,China
27,Alan,Raeburn,araeburnq@cbc.ca,M,Indonesia
28,Kingsley,Woolston,kwoolstonr@weather.com,M,China
29,Madelena,Gudd,mgudds@canalblog.com,F,United Kingdom
30,Towney,Rheubottom,trheubottomt@mysql.com,M,Russia
31,Giordano,Huddart,ghuddartu@bravesites.com,M,Indonesia
32,Melvyn,Baccas,mbaccasv@umich.edu,M,China
33,Micaela,Roseaman,mroseamanw@craigslist.org,F,Indonesia
34,Ingaberg,Browning,ibrowningx@ow.ly,F,China
35,Mattheus,McRill,mmcrilly@wisc.edu,M,China
36,Yasmin,Haibel,yhaibelz@histats.com,F,Indonesia
37,Osbert,Mordanti,omordanti10@amazon.de,M,Indonesia
38,Homer,Moyne,hmoyne11@huffingtonpost.com,M,United States
39,Bari,Wines,bwines12@icio.us,F,Indonesia
40,Tonnie,Royste,troyste13@bandcamp.com,M,China
41,Coreen,Stedman,cstedman14@phpbb.com,F,China
42,Fey,Juris,fjuris15@ehow.com,F,China
43,Cathee,Benet,cbenet16@psu.edu,F,Russia
44,Lotty,Simmank,lsimmank17@msn.com,F,Indonesia
45,Jada,Veschambre,jveschambre18@histats.com,F,China
46,Obadiah,Simmill,osimmill19@vkontakte.ru,M,United States
47,Cori,Huskisson,chuskisson1a@studiopress.com,F,China
48,Verne,Casaro,vcasaro1b@mashable.com,M,Indonesia
49,Alysa,Witter,awitter1c@cocolog-nifty.com,F,China
50,Jeno,Donnersberg,jdonnersberg1d@google.fr,M,China
51,Peterus,Brik,pbrik1e@mac.com,M,Indonesia
52,Briny,Kiffe,bkiffe1f@reddit.com,F,China
53,Jose,Gardener,jgardener1g@i2i.jp,M,China
54,Briano,Bellefant,bbellefant1h@elegantthemes.com,M,Indonesia
55,Hamel,Morsley,hmorsley1i@4shared.com,M,Russia
56,Shell,O'Scollee,soscollee1j@ycombinator.com,F,Indonesia
57,Lilith,Lunck,llunck1k@seesaa.net,F,China
58,Laurent,Truesdale,ltruesdale1l@google.co.uk,M,Russia
59,Jeni,Ramelot,jramelot1m@opensource.org,F,China
60,Nola,Bartaletti,nbartaletti1n@slideshare.net,F,Indonesia
61,Wallas,Windross,wwindross1o@si.edu,M,Indonesia
62,Nickola,Cops,ncops1p@photobucket.com,M,China
63,Verile,Archibould,varchibould1q@samsung.com,F,China
64,Marianne,Caustick,mcaustick1r@oracle.com,F,China
65,Dorey,MacDearmaid,dmacdearmaid1s@narod.ru,F,China
66,Tore,Shelmardine,tshelmardine1t@zimbio.com,M,Indonesia
67,Hilda,Mayall,hmayall1u@bizjournals.com,F,Russia
68,Violetta,Flaxon,vflaxon1v@parallels.com,F,United States
69,Marjory,Siddon,msiddon1w@wordpress.com,F,China
70,Hewet,Holbarrow,hholbarrow1x@webs.com,M,Russia
71,Chaddy,Searston,csearston1y@geocities.com,M,Indonesia
72,Rozanne,Kluger,rkluger1z@nba.com,F,Russia
73,Halette,Zanre,hzanre20@omniture.com,F,Indonesia
74,Francoise,Bleackley,fbleackley21@cbslocal.com,F,China
75,Charmain,Stuke,cstuke22@jimdo.com,F,China
76,Humfried,Frensche,hfrensche23@tripadvisor.com,M,Indonesia
77,Raimund,Pecha,rpecha24@sciencedaily.com,M,China
78,Andrea,Pendock,apendock25@goo.gl,F,China
79,Wilbur,Mapston,wmapston26@nymag.com,M,Russia
80,Anders,Bargh,abargh27@abc.net.au,M,China
81,Bobina,Frend,bfrend28@newsvine.com,F,China
82,Audra,Baldinotti,abaldinotti29@cyberchimps.com,F,Indonesia
83,Karel,Kuschel,kkuschel2a@51.la,M,China
84,Martynne,Smallbone,msmallbone2b@prnewswire.com,F,Russia
85,Phylys,Downie,pdownie2c@reference.com,F,China
86,Wendell,Lumby,wlumby2d@example.com,M,Russia
87,Christian,Kerry,ckerry2e@rakuten.co.jp,M,Russia
88,Albina,Barkworth,abarkworth2f@meetup.com,F,Indonesia
89,Merrill,Pavic,mpavic2g@time.com,F,China
90,Bamby,Edmead,bedmead2h@usgs.gov,F,Indonesia
91,Andre,Daniaud,adaniaud2i@squarespace.com,M,Russia
92,Amalle,Singers,asingers2j@unblog.fr,F,China
93,Clerkclaude,Wetherell,cwetherell2k@mediafire.com,M,Indonesia
94,Rice,Delgardillo,rdelgardillo2l@addthis.com,M,China
95,Trista,Chaloner,tchaloner2m@eepurl.com,F,China
96,Gaby,Linnett,glinnett2n@hubpages.com,M,China
97,Jenna,Local,jlocal2o@blog.com,F,China
98,Betsey,Roussel,broussel2p@slashdot.org,F,Russia
99,Colette,Heap,cheap2q@springer.com,F,Indonesia
100,Shannon,De Beauchemp,sdebeauchemp2r@yahoo.com,M,China
101,Gardener,Delgardo,gdelgardo2s@themeforest.net,M,China
102,Gabrielle,Wegner,gwegner2t@example.com,F,China
103,Lutero,Woodvine,lwoodvine2u@china.com.cn,M,China
104,Gavan,MacVagh,gmacvagh2v@vkontakte.ru,M,China
105,Robinette,Stanyer,rstanyer2w@parallels.com,F,China
106,Dynah,Clarae,dclarae2x@cisco.com,F,China
107,Lorilee,Goatcher,lgoatcher2y@google.cn,F,Indonesia
108,Brody,Arsey,barsey2z@stanford.edu,M,China
109,Heinrick,Boness,hboness30@networkadvertising.org,M,China
110,Maddy,Webbe,mwebbe31@nymag.com,M,China
111,Terrye,Beecham,tbeecham32@hp.com,F,Russia
112,Lorrie,Dunstone,ldunstone33@telegraph.co.uk,F,Indonesia
113,Hedi,Cervantes,hcervantes34@is.gd,F,Indonesia
114,Ellsworth,Wharin,ewharin35@state.tx.us,M,Indonesia
115,Padriac,Devanny,pdevanny36@prlog.org,M,Indonesia
116,Wake,Crabbe,wcrabbe37@hatena.ne.jp,M,China
117,Denys,Southard,dsouthard38@privacy.gov.au,F,Russia
118,Norris,Forre,nforre39@google.ca,M,Indonesia
119,Belvia,Jancso,bjancso3a@nba.com,F,Russia
120,Dorena,Seery,dseery3b@livejournal.com,F,United States
121,Carey,Wyant,cwyant3c@redcross.org,M,Indonesia
122,Benjamen,Tebbutt,btebbutt3d@baidu.com,M,Indonesia
123,Eddie,Perche,eperche3e@aboutads.info,M,Russia
124,Erich,Shortall,eshortall3f@ted.com,M,China
125,Gipsy,Pinshon,gpinshon3g@webnode.com,F,Indonesia
126,Felipe,Prazer,fprazer3h@icio.us,M,Russia
127,Heidie,Valero,hvalero3i@symantec.com,F,United States
128,Keir,Coole,kcoole3j@blinklist.com,M,China
129,Karoly,Cake,kcake3k@baidu.com,F,China
130,Alexio,Castree,acastree3l@accuweather.com,M,Russia
131,Caresse,Braganza,cbraganza3m@hao123.com,F,Russia
132,Mercie,Rosenthaler,mrosenthaler3n@cnbc.com,F,Indonesia
133,Alexandr,Hindenburg,ahindenburg3o@fema.gov,M,China
134,Noah,Drewet,ndrewet3p@foxnews.com,M,Indonesia
135,Liz,Shevlan,lshevlan3q@bizjournals.com,F,Indonesia
136,Basile,Deyes,bdeyes3r@merriam-webster.com,M,Indonesia
137,Nickolas,Rushbrook,nrushbrook3s@ucsd.edu,M,Russia
138,Darsey,Frary,dfrary3t@altervista.org,F,Russia
139,Kattie,Wollaston,kwollaston3u@timesonline.co.uk,F,Indonesia
140,Fabe,Room,froom3v@amazon.co.uk,M,China
141,Timmie,Couttes,tcouttes3w@surveymonkey.com,F,Indonesia
142,Akim,McLaughlin,amclaughlin3x@unicef.org,M,China
143,Emmye,Sammons,esammons3y@youku.com,F,China
144,Layton,Heyball,lheyball3z@eventbrite.com,M,Russia
145,Shirlene,Stenners,sstenners40@dailymotion.com,F,United States
146,Sophey,Whisson,swhisson41@networksolutions.com,F,Indonesia
147,Aubine,Woodvine,awoodvine42@spiegel.de,F,China
148,Lars,Killingworth,lkillingworth43@gizmodo.com,M,Indonesia
149,Megen,Winckworth,mwinckworth44@ehow.com,F,United States
150,Winfield,Togher,wtogher45@foxnews.com,M,China
151,Lauralee,Lippitt,llippitt46@rakuten.co.jp,F,Russia
152,Karolina,Bonnaire,kbonnaire47@sun.com,F,Indonesia
153,Lin,Kendal,lkendal48@gizmodo.com,F,China
154,Tani,Janjic,tjanjic49@cloudflare.com,F,United States
155,Morgun,Lebrun,mlebrun4a@senate.gov,M,China
156,Gale,Barten,gbarten4b@house.gov,F,Indonesia
157,Corine,Goatman,cgoatman4c@bluehost.com,F,United States
158,Germain,McKiernan,gmckiernan4d@cyberchimps.com,F,Indonesia
159,Carolus,Growcock,cgrowcock4e@domainmarket.com,M,China
160,Murial,Davenhill,mdavenhill4f@washington.edu,F,Indonesia
161,Casey,Shadbolt,cshadbolt4g@shinystat.com,M,Russia
162,Mitzi,Deacock,mdeacock4h@domainmarket.com,F,United States
163,Rahal,Hoffner,rhoffner4i@sciencedaily.com,F,Indonesia
164,Salvatore,Phil,sphil4j@google.com.au,M,China
165,Johanna,Gaspard,jgaspard4k@cpanel.net,F,Indonesia
166,Augy,Python,apython4l@drupal.org,M,United States
167,Eal,Wyborn,ewyborn4m@yale.edu,M,Indonesia
168,Wood,Tippett,wtippett4n@chronoengine.com,M,Indonesia
169,Clare,Melhuish,cmelhuish4o@pen.io,M,China
170,Karalee,Fann,kfann4p@typepad.com,F,Russia
171,Harlen,Stych,hstych4q@unc.edu,M,China
172,Crawford,Beamand,cbeamand4r@dropbox.com,M,Indonesia
173,Theodosia,Cure,tcure4s@cocolog-nifty.com,F,Indonesia
174,Dodi,Karchowski,dkarchowski4t@g.co,F,Indonesia
175,Lise,Garry,lgarry4u@prlog.org,F,China
176,Dunstan,Pitcaithly,dpitcaithly4v@howstuffworks.com,M,China
177,Sheela,Redshaw,sredshaw4w@wired.com,F,Russia
178,Viola,Beachamp,vbeachamp4x@redcross.org,F,China
179,Bethina,Kretschmer,bkretschmer4y@facebook.com,F,China
180,Etienne,Oager,eoager4z@sciencedaily.com,M,China
181,Fidela,Garlic,fgarlic50@bigcartel.com,F,Indonesia
182,Leila,Smaile,lsmaile51@meetup.com,F,China
183,Court,Rowett,crowett52@google.es,M,Indonesia
184,Immanuel,Hubach,ihubach53@cloudflare.com,M,Indonesia
185,Theadora,Camidge,tcamidge54@samsung.com,F,Russia
186,Yetty,Caret,ycaret55@usda.gov,F,Russia
187,Waylan,Ashburner,washburner56@apple.com,M,China
188,Harmonie,Fleckno,hfleckno57@wikia.com,F,Indonesia
189,Dalton,Mullin,dmullin58@jiathis.com,M,China
190,Husain,Ivasechko,hivasechko59@google.es,M,China
191,Dyane,Somerfield,dsomerfield5a@blogs.com,F,Russia
192,Claudia,Slamaker,cslamaker5b@europa.eu,F,China
193,Adelice,Martinetto,amartinetto5c@indiegogo.com,F,United States
194,Archibaldo,Cicchillo,acicchillo5d@google.de,M,China
195,Berky,Marshallsay,bmarshallsay5e@sciencedaily.com,M,China
196,Carlos,Salthouse,csalthouse5f@reverbnation.com,M,China
197,Billy,Gally,bgally5g@g.co,M,Indonesia
198,Marianna,Dzenisenka,mdzenisenka5h@jiathis.com,F,China
199,Isiahi,Ankrett,iankrett5i@cafepress.com,M,United States
200,Odie,Chavrin,ochavrin5j@eepurl.com,M,Indonesia
201,Augusto,Mill,amill5k@cam.ac.uk,M,China
202,Jilly,Bolitho,jbolitho5l@msu.edu,F,China
203,Benji,Thickin,bthickin5m@msu.edu,M,Indonesia
204,Norrie,Liptrod,nliptrod5n@usa.gov,M,Indonesia
205,Kayne,Hutchings,khutchings5o@cmu.edu,M,China
206,Nealy,Gatward,ngatward5p@opensource.org,M,Russia
207,Peterus,Vuitton,pvuitton5q@desdev.cn,M,Russia
208,North,Roches,nroches5r@cnn.com,M,China
209,Berenice,Barr,bbarr5s@usa.gov,F,United States
210,Richy,Janning,rjanning5t@nyu.edu,M,Indonesia
211,Barrie,Cettell,bcettell5u@army.mil,M,China
212,Hali,Tome,htome5v@webs.com,F,China
213,Malachi,Pryde,mpryde5w@acquirethisname.com,M,China
214,Smith,Pummery,spummery5x@bluehost.com,M,Russia
215,Itch,Western,iwestern5y@cdbaby.com,M,Indonesia
216,Adele,Morrant,amorrant5z@msn.com,F,China
217,Al,Safhill,asafhill60@fotki.com,M,Russia
218,Clayton,Ruddy,cruddy61@admin.ch,M,China
219,Zackariah,Attarge,zattarge62@yolasite.com,M,Malaysia
220,Godwin,Greenley,ggreenley63@shutterfly.com,M,Russia
221,Rennie,Midford,rmidford64@goodreads.com,F,China
222,Claybourne,Carloni,ccarloni65@ibm.com,M,Russia
223,Isidore,Wickardt,iwickardt66@prweb.com,M,China
224,Lisle,Harrow,lharrow67@sogou.com,M,China
225,Evaleen,Semiraz,esemiraz68@msn.com,F,China
226,Tybie,Harmant,tharmant69@ehow.com,F,China
227,Stanislas,Muirhead,smuirhead6a@dagondesign.com,M,China
228,Crista,Breakwell,cbreakwell6b@cnbc.com,F,Russia
229,Jemmy,O' Dooley,jodooley6c@state.tx.us,F,Indonesia
230,Kaila,Schriren,kschriren6d@yellowpages.com,F,Indonesia
231,Vinnie,Keener,vkeener6e@about.com,F,United States
232,Kayle,Hedderly,khedderly6f@i2i.jp,F,Indonesia
233,Hyatt,Bointon,hbointon6g@people.com.cn,M,Russia
234,Shaughn,Maund,smaund6h@unc.edu,M,China
235,Ursulina,Pawlik,upawlik6i@gov.uk,F,Russia
236,Emelyne,Parfett,eparfett6j@topsy.com,F,China
237,Rora,Glavias,rglavias6k@ucsd.edu,F,China
238,Kristoforo,Jedras,kjedras6l@irs.gov,M,Indonesia
239,Callida,Gorey,cgorey6m@forbes.com,F,China
240,Tomasina,Seres,tseres6n@pcworld.com,F,China
241,Meir,Tuxill,mtuxill6o@gizmodo.com,M,Russia
242,Hinda,Whitter,hwhitter6p@edublogs.org,F,China
243,Shannah,Sauvan,ssauvan6q@globo.com,F,China
244,Trip,Esome,tesome6r@shop-pro.jp,M,China
245,Betsy,Krale,bkrale6s@va.gov,F,Indonesia
246,Clifford,Dalgliesh,cdalgliesh6t@cbsnews.com,M,China
247,Suzanna,Di Giorgio,sdigiorgio6u@phoca.cz,F,Indonesia
248,Almeta,Scamaden,ascamaden6v@spotify.com,F,United States
249,Dermot,Sancias,dsancias6w@naver.com,M,Indonesia
250,Ansley,McBayne,amcbayne6x@printfriendly.com,F,China
251,Phylys,Caseley,pcaseley6y@addtoany.com,F,China
252,Elaina,Stenton,estenton6z@wikimedia.org,F,Indonesia
253,Colas,Heathcoat,cheathcoat70@unicef.org,M,China
254,Lita,Dollen,ldollen71@goodreads.com,F,Indonesia
255,Fidel,Kinig,fkinig72@symantec.com,M,China
256,Felecia,Kneafsey,fkneafsey73@amazon.de,F,Russia
257,Corri,Hargreves,chargreves74@cloudflare.com,F,Indonesia
258,Roxy,Paolotto,rpaolotto75@gravatar.com,F,Indonesia
259,Genevieve,Ducham,gducham76@fema.gov,F,China
260,Hasheem,Shearn,hshearn77@storify.com,M,China
261,Mendel,Tomini,mtomini78@51.la,M,China
262,Raleigh,Capstick,rcapstick79@nature.com,M,Malaysia
263,Gilligan,Vivian,gvivian7a@chron.com,F,Russia
264,Rozelle,Paradin,rparadin7b@senate.gov,F,Indonesia
265,Kimberli,Breche,kbreche7c@sciencedirect.com,F,China
266,Thorndike,Rabier,trabier7d@microsoft.com,M,China
267,Obadias,Cicetti,ocicetti7e@alibaba.com,M,China
268,Sutherland,Sangwin,ssangwin7f@ihg.com,M,Russia
269,Kimberli,Cinderey,kcinderey7g@chicagotribune.com,F,Indonesia
270,Chelsea,Dawber,cdawber7h@japanpost.jp,F,United States
271,Lenka,Yell,lyell7i@toplist.cz,F,China
272,Rosemonde,Wager,rwager7j@lycos.com,F,China
273,Jephthah,Gibling,jgibling7k@fda.gov,M,China
274,Eleni,Fibbitts,efibbitts7l@ovh.net,F,Russia
275,Emmy,Sulter,esulter7m@myspace.com,M,Russia
276,Myrtie,Garrish,mgarrish7n@ustream.tv,F,China
277,Nolan,Rosenblad,nrosenblad7o@histats.com,M,Indonesia
278,Isidoro,Decker,idecker7p@tinypic.com,M,China
279,Kingsly,Kender,kkender7q@g.co,M,China
280,Ashil,Boyn,aboyn7r@smugmug.com,F,United States
281,Toddie,Malimoe,tmalimoe7s@theatlantic.com,M,Indonesia
282,Cecilius,Dinzey,cdinzey7t@usa.gov,M,China
283,Jocelin,Mattocks,jmattocks7u@merriam-webster.com,F,Russia
284,Cammy,Lovett,clovett7v@yelp.com,F,China
285,Rochell,Dimelow,rdimelow7w@sbwire.com,F,China
286,Brinn,Kadar,bkadar7x@paypal.com,F,United States
287,Milt,Persence,mpersence7y@unc.edu,M,China
288,Madelena,Beuscher,mbeuscher7z@patch.com,F,China
289,John,Osmond,josmond80@vkontakte.ru,M,Indonesia
290,Corine,Kitchingham,ckitchingham81@amazon.co.uk,F,China
291,Rodge,Fassan,rfassan82@mac.com,M,United States
292,Licha,Bonnett,lbonnett83@over-blog.com,F,Indonesia
293,Hansiain,Rennebach,hrennebach84@fc2.com,M,Indonesia
294,Cloe,Ruggieri,cruggieri85@about.com,F,Indonesia
295,Kessiah,Ezzell,kezzell86@aboutads.info,F,Indonesia
296,Conchita,Sharple,csharple87@arstechnica.com,F,Indonesia
297,Billy,Gallaher,bgallaher88@livejournal.com,M,China
298,Feodor,Cicco,fcicco89@naver.com,M,Indonesia
299,Irvin,Everil,ieveril8a@youtube.com,M,China
300,Zollie,Hardacre,zhardacre8b@ustream.tv,M,China
301,Zachery,Hultberg,zhultberg8c@smugmug.com,M,China
302,Garth,Pfeiffer,gpfeiffer8d@berkeley.edu,M,Russia
303,Reed,Mullis,rmullis8e@biglobe.ne.jp,M,Russia
304,Christophorus,Lamdin,clamdin8f@nydailynews.com,M,Indonesia
305,Maybelle,Allworthy,mallworthy8g@myspace.com,F,China
306,Virgina,Eastmond,veastmond8h@mozilla.com,F,China
307,Judd,Loadman,jloadman8i@squarespace.com,M,Russia
308,Flint,Corkan,fcorkan8j@deviantart.com,M,China
309,Lennard,Kingsley,lkingsley8k@vk.com,M,China
310,Rice,Jewsbury,rjewsbury8l@state.gov,M,China
311,Nicolis,Morfett,nmorfett8m@creativecommons.org,M,Indonesia
312,Renate,Griniov,rgriniov8n@howstuffworks.com,F,Russia
313,Lura,Magson,lmagson8o@nasa.gov,F,Indonesia
314,Jodie,Blackway,jblackway8p@linkedin.com,F,Russia
315,Sig,Metcalfe,smetcalfe8q@twitter.com,M,Indonesia
316,Tobit,MacNish,tmacnish8r@deviantart.com,M,Indonesia
317,Leora,Gentric,lgentric8s@dmoz.org,F,Russia
318,Lorenza,Gilman,lgilman8t@google.cn,F,China
319,Wayne,Kochl,wkochl8u@weebly.com,M,China
320,Tiebold,Jouannot,tjouannot8v@dailymail.co.uk,M,China
321,Madalena,Burfoot,mburfoot8w@vinaora.com,F,Russia
322,Joe,Ben,jben8x@cocolog-nifty.com,M,China
323,Petronille,Orrill,porrill8y@wikia.com,F,China
324,Buddie,McTrustrie,bmctrustrie8z@whitehouse.gov,M,Indonesia
325,Aloin,Chattington,achattington90@unc.edu,M,China
326,Thomasa,Scotchmer,tscotchmer91@webs.com,F,Indonesia
327,Lou,Mahody,lmahody92@cdbaby.com,F,China
328,Alfonse,Penke,apenke93@ed.gov,M,China
329,Keith,Ebbetts,kebbetts94@bravesites.com,M,China
330,Alice,Athersmith,aathersmith95@cyberchimps.com,F,China
331,Florance,Fyall,ffyall96@amazonaws.com,F,China
332,Marsha,Webermann,mwebermann97@java.com,F,Russia
333,Heida,Gloy,hgloy98@friendfeed.com,F,Indonesia
334,Boycie,Schirok,bschirok99@imgur.com,M,United States
335,Estele,Steet,esteet9a@bandcamp.com,F,Russia
336,Nancie,Leban,nleban9b@bbc.co.uk,F,Indonesia
337,Pace,Gyer,pgyer9c@quantcast.com,M,Indonesia
338,Fannie,Georgelin,fgeorgelin9d@exblog.jp,F,United States
339,Cesaro,Hansom,chansom9e@liveinternet.ru,M,China
340,Keelia,Gagie,kgagie9f@flavors.me,F,Indonesia
341,Finn,Ghidoli,fghidoli9g@netvibes.com,M,China
342,Albertine,Brewster,abrewster9h@mapquest.com,F,China
343,Whit,Pelman,wpelman9i@skyrock.com,M,Indonesia
344,Blinnie,Grindrod,bgrindrod9j@wsj.com,F,China
345,Reynard,Zemler,rzemler9k@mozilla.org,M,China
346,Hubert,Mamwell,hmamwell9l@zdnet.com,M,China
347,Jo-ann,Brattell,jbrattell9m@twitpic.com,F,China
348,Blakelee,Harbisher,bharbisher9n@csmonitor.com,F,China
349,Annabelle,Palluschek,apalluschek9o@tamu.edu,F,Russia
350,Stearne,Mudie,smudie9p@tuttocitta.it,M,China
351,Geoffrey,Mackieson,gmackieson9q@accuweather.com,M,China
352,Peter,Orehead,porehead9r@wikimedia.org,M,China
353,Robb,Keilty,rkeilty9s@bizjournals.com,M,Russia
354,Jourdan,Carse,jcarse9t@craigslist.org,F,Russia
355,Larina,Romain,lromain9u@youtube.com,F,Indonesia
356,Carce,Moles,cmoles9v@wikipedia.org,M,Indonesia
357,Rockwell,Barraclough,rbarraclough9w@tumblr.com,M,China
358,Merwin,Wherrett,mwherrett9x@altervista.org,M,Indonesia
359,Hettie,Tenwick,htenwick9y@ezinearticles.com,F,Indonesia
360,Nicolina,Greiswood,ngreiswood9z@google.es,F,China
361,Rosamund,Mattiuzzi,rmattiuzzia0@bbc.co.uk,F,Indonesia
362,Blisse,Vinton,bvintona1@ftc.gov,F,Russia
363,Roobbie,Ebunoluwa,rebunoluwaa2@google.ca,F,Indonesia
364,Isa,Grayer,igrayera3@msn.com,M,Indonesia
365,Virgie,Duignan,vduignana4@thetimes.co.uk,F,Indonesia
366,Natassia,Avramow,navramowa5@typepad.com,F,Indonesia
367,Dulciana,Ovendon,dovendona6@senate.gov,F,China
368,Gregorio,Grinnov,ggrinnova7@abc.net.au,M,China
369,Doyle,Bellas,dbellasa8@arstechnica.com,M,Russia
370,Teddi,Prose,tprosea9@surveymonkey.com,F,China
371,Valera,Sambell,vsambellaa@stumbleupon.com,F,Russia
372,Whitman,McDirmid,wmcdirmidab@livejournal.com,M,Indonesia
373,Lilla,Franciottoi,lfranciottoiac@who.int,F,China
374,Lorenzo,Gopsall,lgopsallad@jigsy.com,M,Indonesia
375,Breanne,Burnyate,bburnyateae@bloomberg.com,F,China
376,Marya,Bromehed,mbromehedaf@xrea.com,F,China
377,Farrel,Boldry,fboldryag@gmpg.org,M,Indonesia
378,Harper,Napleton,hnapletonah@theglobeandmail.com,M,Russia
379,Roi,Giral,rgiralai@cloudflare.com,M,Indonesia
380,Konstantine,Constantinou,kconstantinouaj@hubpages.com,M,Indonesia
381,Mamie,Guillou,mguillouak@skype.com,F,China
382,Yasmeen,Clementi,yclemential@wikimedia.org,F,China
383,Job,Mitchener,jmitcheneram@blogspot.com,M,Russia
384,Hildagard,Dyball,hdyballan@yellowbook.com,F,Indonesia
385,Nonie,Ridulfo,nridulfoao@hatena.ne.jp,F,China
386,Jermayne,Ranscombe,jranscombeap@disqus.com,M,Indonesia
387,Andros,Rhys,arhysaq@wordpress.org,M,Indonesia
388,Cort,Randles,crandlesar@mit.edu,M,China
389,Juliann,Dewhurst,jdewhurstas@eepurl.com,F,Indonesia
390,Shelli,Mc Giffin,smcgiffinat@chronoengine.com,F,China
391,Averil,Condy,acondyau@bloomberg.com,F,China
392,Gal,Sweetsur,gsweetsurav@so-net.ne.jp,M,Russia
393,Arline,Alben,aalbenaw@cnn.com,F,Russia
394,Helaine,Watling,hwatlingax@cmu.edu,F,China
395,Fanchette,Edmunds,fedmundsay@trellian.com,F,China
396,Grete,Poyntz,gpoyntzaz@usnews.com,F,Indonesia
397,Wit,Torrance,wtorranceb0@etsy.com,M,China
398,Harman,Francom,hfrancomb1@networkadvertising.org,M,Russia
399,Benyamin,MacTrustrie,bmactrustrieb2@soup.io,M,China
400,Carolynn,Klaussen,cklaussenb3@mozilla.com,F,China
401,Skyler,Tripean,stripeanb4@princeton.edu,M,Indonesia
402,Maryanna,Timbs,mtimbsb5@diigo.com,F,China
403,Andi,Maryott,amaryottb6@usgs.gov,F,China
404,Thom,Pleasants,tpleasantsb7@netvibes.com,M,Indonesia
405,Brandon,Abele,babeleb8@liveinternet.ru,M,China
406,Rockey,Eddison,reddisonb9@arstechnica.com,M,Malaysia
407,Jedd,Vaillant,jvaillantba@networksolutions.com,M,China
408,Andromache,Denmead,adenmeadbb@deviantart.com,F,China
409,Maynord,Comelli,mcomellibc@nydailynews.com,M,United States
410,Nicoline,Loud,nloudbd@istockphoto.com,F,Indonesia
411,Nalani,Fyfe,nfyfebe@hatena.ne.jp,F,China
412,Addy,Lurcock,alurcockbf@tripadvisor.com,M,Russia
413,Alwin,Lockyer,alockyerbg@un.org,M,China
414,De witt,Addinall,daddinallbh@techcrunch.com,M,China
415,Chery,Fiddiman,cfiddimanbi@pbs.org,F,China
416,Reinhard,Dyett,rdyettbj@netscape.com,M,Russia
417,Harmonia,MacGhee,hmacgheebk@spiegel.de,F,China
418,Vail,Phalp,vphalpbl@oakley.com,M,China
419,Claire,Bettley,cbettleybm@pinterest.com,M,China
420,Antone,Marwick,amarwickbn@vimeo.com,M,China
421,Natasha,Sorbie,nsorbiebo@yellowbook.com,F,China
422,Madge,Sooley,msooleybp@tinyurl.com,F,China
423,Kelcy,De la Yglesia,kdelayglesiabq@networksolutions.com,F,China
424,Toddie,Ketts,tkettsbr@unc.edu,M,United States
425,Kailey,Sunner,ksunnerbs@wiley.com,F,China
426,Juliet,Dillistone,jdillistonebt@comsenz.com,F,Indonesia
427,Anett,Ruseworth,aruseworthbu@google.com.br,F,United Kingdom
428,Salvador,Reynard,sreynardbv@sfgate.com,M,Russia
429,Christophe,McChruiter,cmcchruiterbw@tripod.com,M,Malaysia
430,Dimitry,MacFaell,dmacfaellbx@admin.ch,M,Indonesia
431,Natka,Andress,nandressby@storify.com,F,Russia
432,Kenneth,Walbrook,kwalbrookbz@clickbank.net,M,United States
433,Crin,Forestall,cforestallc0@spotify.com,F,Russia
434,Carla,Barrell,cbarrellc1@tinypic.com,F,Indonesia
435,Saundra,Delamar,sdelamarc2@sciencedaily.com,M,Russia
436,Myca,Raspison,mraspisonc3@sciencedirect.com,M,Indonesia
437,Wright,Papierz,wpapierzc4@google.ru,M,Indonesia
438,Jayme,Po,jpoc5@seattletimes.com,F,China
439,Prentice,Kite,pkitec6@imageshack.us,M,China
440,Konstanze,Twigger,ktwiggerc7@google.de,F,Indonesia
441,Christoph,Rollins,crollinsc8@independent.co.uk,M,Indonesia
442,Sandi,Chesters,schestersc9@google.com.br,F,China
443,Emili,Keating,ekeatingca@quantcast.com,F,United Kingdom
444,Doy,Mellanby,dmellanbycb@addtoany.com,M,Indonesia
445,Reilly,Budge,rbudgecc@delicious.com,M,United States
446,Buddy,Striker,bstrikercd@go.com,M,China
447,Camey,Pilger,cpilgerce@edublogs.org,M,China
448,Wyatan,Riddeough,wriddeoughcf@nydailynews.com,M,Russia
449,Binky,Snowding,bsnowdingcg@google.co.uk,M,Indonesia
450,Chantal,Longford,clongfordch@paginegialle.it,F,China
451,Betsy,Cawsby,bcawsbyci@pen.io,F,Indonesia
452,Hart,Edinborough,hedinboroughcj@goodreads.com,M,Indonesia
453,Meredithe,Maplethorp,mmaplethorpck@auda.org.au,F,China
454,Cicely,Lidgate,clidgatecl@a8.net,F,Indonesia
455,Daveta,Greggs,dgreggscm@telegraph.co.uk,F,Russia
456,Broderic,Olechnowicz,bolechnowiczcn@wikimedia.org,M,China
457,Bealle,Samart,bsamartco@netscape.com,M,Indonesia
458,Gianina,Eleshenar,geleshenarcp@dedecms.com,F,Indonesia
459,Laurens,Riseborough,lriseboroughcq@merriam-webster.com,M,Indonesia
460,Tonye,Jelkes,tjelkescr@google.cn,F,Indonesia
461,Stanislaw,Harnes,sharnescs@blog.com,M,China
462,Karl,Gerrit,kgerritct@sohu.com,M,United Kingdom
463,Justino,Pirson,jpirsoncu@51.la,M,Russia
464,Terri,Hewins,thewinscv@paginegialle.it,F,China
465,Spense,Krysztofowicz,skrysztofowiczcw@yellowpages.com,M,Russia
466,Antonio,Gilardone,agilardonecx@wix.com,M,China
467,Darcie,Hatherley,dhatherleycy@reddit.com,F,Russia
468,Reggie,Bartoloma,rbartolomacz@nbcnews.com,M,Russia
469,Burg,O'Neill,boneilld0@tinypic.com,M,Indonesia
470,Pearle,Ivatt,pivattd1@unicef.org,F,China
471,Salli,Fagan,sfagand2@ihg.com,F,China
472,Garvin,McDougald,gmcdougaldd3@cyberchimps.com,M,China
473,Bernie,Bunhill,bbunhilld4@dyndns.org,M,China
474,Dena,MacConnechie,dmacconnechied5@example.com,F,China
475,Ulrikaumeko,Helbeck,uhelbeckd6@gravatar.com,F,Malaysia
476,Iorgo,Hoogendorp,ihoogendorpd7@wikia.com,M,China
477,Quintin,Casa,qcasad8@bbb.org,M,United States
478,Starlin,Spino,sspinod9@europa.eu,F,China
479,Normy,Brandoni,nbrandonida@phoca.cz,M,China
480,Hunt,Thorpe,hthorpedb@globo.com,M,China
481,Timmi,Risborough,trisboroughdc@slate.com,F,Malaysia
482,Nita,Frensch,nfrenschdd@paginegialle.it,F,Russia
483,Berkley,Dawltrey,bdawltreyde@feedburner.com,M,China
484,Des,Playfoot,dplayfootdf@people.com.cn,M,Indonesia
485,Marjie,Pashbee,mpashbeedg@usda.gov,F,Malaysia
486,Rowe,Thyer,rthyerdh@forbes.com,F,Indonesia
487,Renata,McPhillips,rmcphillipsdi@goodreads.com,F,China
488,Bryant,Bullier,bbullierdj@multiply.com,M,Russia
489,Sigfried,Paumier,spaumierdk@desdev.cn,M,China
490,Eadith,Pedlingham,epedlinghamdl@howstuffworks.com,F,China
491,Eyde,Predohl,epredohldm@un.org,F,China
492,Hendrik,Jeste,hjestedn@prlog.org,M,China
493,Corine,Wastie,cwastiedo@sakura.ne.jp,F,Russia
494,Alastair,Harm,aharmdp@w3.org,M,China
495,Gibby,Pitts,gpittsdq@purevolume.com,M,China
496,Elisabeth,Dawes,edawesdr@1688.com,F,Indonesia
497,Chere,Ascough,cascoughds@walmart.com,F,Indonesia
498,Merralee,Outibridge,moutibridgedt@spiegel.de,F,United States
499,Fitzgerald,Van der Kruis,fvanderkruisdu@state.tx.us,M,China
500,Henryetta,Trenholme,htrenholmedv@dropbox.com,F,Russia
501,Robert,Laroux,rlarouxdw@barnesandnoble.com,M,Indonesia
502,Toby,Kopisch,tkopischdx@psu.edu,F,China
503,Lyell,Sayer,lsayerdy@over-blog.com,M,China
504,Roderick,Calverd,rcalverddz@ftc.gov,M,Indonesia
505,Janessa,Boatswain,jboatswaine0@posterous.com,F,Indonesia
506,Rivi,Shirtliff,rshirtliffe1@phpbb.com,F,China
507,Paloma,Crease,pcreasee2@sciencedaily.com,F,Russia
508,Rivy,Matchett,rmatchette3@princeton.edu,F,China
509,Germana,Yacobsohn,gyacobsohne4@angelfire.com,F,Russia
510,Gianina,Pietruschka,gpietruschkae5@skype.com,F,Indonesia
511,Marty,Origan,morigane6@spotify.com,M,China
512,Vivie,Antoniazzi,vantoniazzie7@mediafire.com,F,United States
513,Gus,Biasotti,gbiasottie8@1und1.de,M,Indonesia
514,Hunter,Greengrass,hgreengrasse9@phpbb.com,M,Indonesia
515,Flossi,Keward,fkewardea@lulu.com,F,Indonesia
516,Linea,Barriball,lbarriballeb@forbes.com,F,Malaysia
517,Ruben,McMichan,rmcmichanec@ebay.co.uk,M,China
518,Sibel,Coxhead,scoxheaded@oaic.gov.au,F,China
519,Kelli,Ferne,kferneee@storify.com,F,Indonesia
520,Kathi,St. Hill,ksthillef@nba.com,F,China
521,Corey,Fonteyne,cfonteyneeg@wufoo.com,M,United States
522,Codi,Duckit,cduckiteh@ft.com,F,Russia
523,Donnell,Shrimpling,dshrimplingei@webeden.co.uk,M,Russia
524,Bevan,Keggins,bkegginsej@barnesandnoble.com,M,China
525,Alverta,Schruyer,aschruyerek@creativecommons.org,F,China
526,Tasha,Gladwell,tgladwellel@dropbox.com,F,China
527,Vale,Hovie,vhovieem@istockphoto.com,F,Indonesia
528,Nealy,Sells,nsellsen@tumblr.com,M,China
529,Garald,Inglesent,ginglesenteo@army.mil,M,China
530,Robbie,Bilston,rbilstonep@last.fm,F,Indonesia
531,Franklyn,Skin,fskineq@scientificamerican.com,M,Indonesia
532,Kyla,Malamore,kmalamoreer@godaddy.com,F,Russia
533,Vickie,Mewett,vmewettes@nyu.edu,F,Indonesia
534,Jessi,Rendle,jrendleet@opera.com,F,China
535,Mike,Ashdown,mashdowneu@apple.com,M,China
536,Willis,Doull,wdoullev@dagondesign.com,M,China
537,Barty,Capp,bcappew@biblegateway.com,M,United States
538,Phillis,Hebblewhite,phebblewhiteex@tuttocitta.it,F,Indonesia
539,Emalee,Bentham3,ebenthamey@miibeian.gov.cn,F,Indonesia
540,Donnie,Pitrollo,dpitrolloez@mozilla.com,M,China
541,Gardner,Shiell,gshiellf0@guardian.co.uk,M,Indonesia
542,Joceline,McClaurie,jmcclaurief1@yelp.com,F,China
543,Donaugh,Sweedy,dsweedyf2@go.com,M,Russia
544,Elsey,Adran,eadranf3@cornell.edu,F,Indonesia
545,Odey,Hacking,ohackingf4@amazon.co.uk,M,China
546,Leif,Cirlos,lcirlosf5@google.com.au,M,Indonesia
547,Jobey,Crummay,jcrummayf6@smugmug.com,F,China
548,Nicol,Giacomozzo,ngiacomozzof7@walmart.com,F,China
549,Revkah,Chancelier,rchancelierf8@infoseek.co.jp,F,Indonesia
550,Rudiger,Jakoviljevic,rjakoviljevicf9@symantec.com,M,Indonesia
551,Tim,Chadbourn,tchadbournfa@ask.com,F,China
552,Brittne,McGiff,bmcgifffb@taobao.com,F,United States
553,Rooney,Mulhall,rmulhallfc@tumblr.com,M,China
554,Giordano,Purvess,gpurvessfd@furl.net,M,China
555,Sophia,Dwelling,sdwellingfe@skyrock.com,F,United States
556,Winfield,Etchell,wetchellff@nationalgeographic.com,M,Indonesia
557,Kamila,Twiddy,ktwiddyfg@indiatimes.com,F,Indonesia
558,Reinhold,Pennington,rpenningtonfh@nationalgeographic.com,M,Indonesia
559,Renata,Clay,rclayfi@seattletimes.com,F,Indonesia
560,Ariela,Lett,alettfj@dyndns.org,F,Russia
561,Guilbert,Carrodus,gcarrodusfk@salon.com,M,China
562,Frances,Gumery,fgumeryfl@cdbaby.com,F,China
563,Viki,Nyles,vnylesfm@ucsd.edu,F,Indonesia
564,Hastings,Exelby,hexelbyfn@histats.com,M,Russia
565,Gilemette,Muckloe,gmuckloefo@vkontakte.ru,F,China
566,Ellary,Britto,ebrittofp@ebay.co.uk,M,Russia
567,Roosevelt,Millmore,rmillmorefq@pcworld.com,M,China
568,Minnnie,Denis,mdenisfr@newsvine.com,F,China
569,Karoline,Batrip,kbatripfs@purevolume.com,F,Indonesia
570,Anallise,Maltman,amaltmanft@bloomberg.com,F,China
571,Raddie,Arlt,rarltfu@jalbum.net,M,United States
572,Obadias,Comber,ocomberfv@businessinsider.com,M,China
573,Karlotta,Byre,kbyrefw@go.com,F,Russia
574,Claudianus,McRoberts,cmcrobertsfx@chron.com,M,China
575,Westbrooke,Lemmanbie,wlemmanbiefy@dedecms.com,M,Indonesia
576,Shalna,Manger,smangerfz@ftc.gov,F,Russia
577,Halie,Venn,hvenng0@unicef.org,F,United Kingdom
578,Melba,Chatelet,mchateletg1@xrea.com,F,China
579,Mack,Bidmead,mbidmeadg2@time.com,M,Russia
580,Yank,Cleever,ycleeverg3@jigsy.com,M,China
581,Imogen,Crus,icrusg4@geocities.com,F,Indonesia
582,Sandor,Tuckley,stuckleyg5@ezinearticles.com,M,Russia
583,Earlie,Lavrick,elavrickg6@rediff.com,M,China
584,Bryn,Meineck,bmeineckg7@youtu.be,M,China
585,Raul,Philliskirk,rphilliskirkg8@multiply.com,M,China
586,Nelson,Whitman,nwhitmang9@domainmarket.com,M,China
587,Arnie,Rothery,arotheryga@twitter.com,M,Indonesia
588,Loren,McClosh,lmccloshgb@go.com,F,China
589,Lynnell,Arboine,larboinegc@dailymotion.com,F,China
590,Lorain,Burk,lburkgd@wikipedia.org,F,China
591,Bertie,Wannes,bwannesge@usatoday.com,M,Indonesia
592,Nicolas,Shrubb,nshrubbgf@ocn.ne.jp,M,Russia
593,Gillan,Castillo,gcastillogg@4shared.com,F,China
594,Ezri,Clayton,eclaytongh@prlog.org,M,China
595,Sharron,Spiers,sspiersgi@sourceforge.net,F,China
596,Giselbert,Killcross,gkillcrossgj@blinklist.com,M,China
597,Myron,Lifsey,mlifseygk@uol.com.br,M,Russia
598,Hailey,Delgaty,hdelgatygl@ask.com,M,China
599,Mufi,Beebe,mbeebegm@example.com,F,China
600,Wade,Greenhouse,wgreenhousegn@plala.or.jp,M,China
601,Harli,Alvin,halvingo@github.io,F,China
602,Margarete,Bulter,mbultergp@over-blog.com,F,China
603,Emogene,Dumingos,edumingosgq@blog.com,F,China
604,Berkley,Willock,bwillockgr@house.gov,M,Russia
605,Sanson,Gothliff,sgothliffgs@twitter.com,M,Indonesia
606,Hamid,Ilson,hilsongt@ebay.com,M,Indonesia
607,Randell,Martins,rmartinsgu@answers.com,M,United States
608,Leela,Margrett,lmargrettgv@odnoklassniki.ru,F,Indonesia
609,Leeann,Gallichiccio,lgallichicciogw@slate.com,F,China
610,Berni,Dobbie,bdobbiegx@soundcloud.com,F,Indonesia
611,Patsy,Leon,pleongy@netscape.com,M,Indonesia
612,Tobi,Gowrich,tgowrichgz@foxnews.com,F,Russia
613,Arlee,Brende,abrendeh0@utexas.edu,F,China
614,Rollo,MacFarlan,rmacfarlanh1@yolasite.com,M,China
615,Lind,Abbate,labbateh2@google.ca,F,Russia
616,Wilton,Diggar,wdiggarh3@blogtalkradio.com,M,Indonesia
617,Lin,Metzke,lmetzkeh4@hp.com,F,China
618,Merl,Bellay,mbellayh5@usatoday.com,F,China
619,Alistair,Seddon,aseddonh6@linkedin.com,M,Indonesia
620,Phillida,Mytton,pmyttonh7@statcounter.com,F,China
621,Maia,Shalloo,mshallooh8@sun.com,F,China
622,Marjie,Crone,mcroneh9@sphinn.com,F,United States
623,Luce,Islip,lislipha@goo.gl,F,Indonesia
624,Zebedee,Wimms,zwimmshb@auda.org.au,M,China
625,Lonni,Greystoke,lgreystokehc@spiegel.de,F,Indonesia
626,Isidor,Puttock,iputtockhd@vistaprint.com,M,Indonesia
627,Rennie,German,rgermanhe@symantec.com,F,China
628,Sephira,Gut,sguthf@techcrunch.com,F,China
629,Evaleen,Pays,epayshg@noaa.gov,F,Russia
630,Esteban,Spinetti,espinettihh@miitbeian.gov.cn,M,China
631,Waylin,Turbill,wturbillhi@amazon.com,M,Russia
632,Happy,Bundey,hbundeyhj@hugedomains.com,F,China
633,Florence,Pedycan,fpedycanhk@booking.com,F,China
634,Reginauld,Quirk,rquirkhl@live.com,M,Indonesia
635,Seymour,Reuss,sreusshm@ocn.ne.jp,M,China
636,Georgetta,Giuron,ggiuronhn@cocolog-nifty.com,F,China
637,Merrick,Pynn,mpynnho@cnbc.com,M,Russia
638,Orella,Gytesham,ogyteshamhp@tripod.com,F,China
639,Mohandis,Speariett,mspearietthq@pagesperso-orange.fr,M,United Kingdom
640,Eliot,Gothliff,egothliffhr@geocities.com,M,United States
641,Ax,Folder,afolderhs@elegantthemes.com,M,China
642,Lucy,Parr,lparrht@photobucket.com,F,Indonesia
643,Isaak,Pettyfer,ipettyferhu@accuweather.com,M,China
644,Oren,Dalgleish,odalgleishhv@bloglines.com,M,Indonesia
645,Calhoun,Dorsey,cdorseyhw@constantcontact.com,M,China
646,Garwood,Glasson,gglassonhx@nyu.edu,M,China
647,Don,Vasishchev,dvasishchevhy@qq.com,M,China
648,Jaquelyn,Ropp,jropphz@behance.net,F,Indonesia
649,Joanie,Cuerdale,jcuerdalei0@geocities.jp,F,Indonesia
650,Yuma,Dyball,ydyballi1@alibaba.com,M,Indonesia
651,Heath,Bordiss,hbordissi2@example.com,M,China
652,Mikel,Bonney,mbonneyi3@com.com,M,Indonesia
653,Somerset,Walles,swallesi4@51.la,M,Indonesia
654,Truda,Forrest,tforresti5@timesonline.co.uk,F,Indonesia
655,Joachim,Shelley,jshelleyi6@clickbank.net,M,Indonesia
656,Camey,Staker,cstakeri7@jiathis.com,M,China
657,Amberly,Philimore,aphilimorei8@so-net.ne.jp,F,Russia
658,Leland,Carren,lcarreni9@spiegel.de,M,China
659,Hernando,Cranke,hcrankeia@answers.com,M,China
660,Shadow,Hindenberger,shindenbergerib@cpanel.net,M,China
661,Bevon,Casson,bcassonic@hao123.com,M,United States
662,Twila,Whoston,twhostonid@si.edu,F,Russia
663,Thebault,Challace,tchallaceie@illinois.edu,M,China
664,Eldon,Piddock,epiddockif@ucsd.edu,M,United Arab Emirates
665,Wait,Nayshe,wnaysheig@independent.co.uk,M,Russia
666,Jase,Crush,jcrushih@taobao.com,M,China
667,Mandel,Burland,mburlandii@google.com.au,M,United States
668,Janene,Lewnden,jlewndenij@xing.com,F,China
669,Christye,Gainsboro,cgainsboroik@imageshack.us,F,Indonesia
670,West,Stryde,wstrydeil@friendfeed.com,M,China
671,Odetta,Yelyashev,oyelyashevim@soundcloud.com,F,China
672,Rudie,Lillie,rlilliein@unesco.org,M,China
673,Lynnea,Gansbuhler,lgansbuhlerio@discuz.net,F,Indonesia
674,Malachi,Littlecote,mlittlecoteip@mysql.com,M,China
675,Louie,Kennler,lkennleriq@naver.com,M,China
676,Dody,Burnhams,dburnhamsir@admin.ch,F,Indonesia
677,Laughton,Smoughton,lsmoughtonis@macromedia.com,M,China
678,Karita,Frostdick,kfrostdickit@tamu.edu,F,China
679,Rosabella,Ducarne,rducarneiu@delicious.com,F,China
680,Kinnie,Swindlehurst,kswindlehurstiv@google.ca,M,Indonesia
681,Ennis,Blakeney,eblakeneyiw@phoca.cz,M,China
682,Eadith,O'Cullen,eocullenix@imgur.com,F,Russia
683,Brynne,De Mars,bdemarsiy@bigcartel.com,F,China
684,Hervey,Whight,hwhightiz@examiner.com,M,Russia
685,Innis,Frankom,ifrankomj0@ifeng.com,M,China
686,Tally,Denzey,tdenzeyj1@ustream.tv,F,China
687,Otho,Gocher,ogocherj2@walmart.com,M,Russia
688,Gary,Mulvey,gmulveyj3@diigo.com,M,China
689,Alvera,Dooly,adoolyj4@smh.com.au,F,China
690,Elene,Wadesworth,ewadesworthj5@blogger.com,F,China
691,Hyatt,Lefeaver,hlefeaverj6@google.com.hk,M,China
692,Branden,Bault,bbaultj7@sourceforge.net,M,Russia
693,Giuseppe,Brien,gbrienj8@senate.gov,M,China
694,Rhonda,Willbraham,rwillbrahamj9@epa.gov,F,Russia
695,Normand,Van der Velden,nvanderveldenja@nature.com,M,China
696,Joyce,Taveriner,jtaverinerjb@japanpost.jp,F,United States
697,Rufe,Oliva,rolivajc@thetimes.co.uk,M,Russia
698,Salomo,Aisbett,saisbettjd@aol.com,M,China
699,Edouard,Furley,efurleyje@china.com.cn,M,China
700,Everard,Honisch,ehonischjf@w3.org,M,China
701,Tristan,Hazeldene,thazeldenejg@arstechnica.com,M,China
702,Ferrell,Leghorn,fleghornjh@xrea.com,M,China
703,Jude,Heams,jheamsji@lycos.com,M,Indonesia
704,Janka,Czajkowska,jczajkowskajj@sohu.com,F,Indonesia
705,Giacobo,McTrustram,gmctrustramjk@ihg.com,M,China
706,Maddalena,Spilstead,mspilsteadjl@fema.gov,F,Russia
707,Morey,Brian,mbrianjm@apache.org,M,China
708,Ermentrude,Blowes,eblowesjn@bloomberg.com,F,Indonesia
709,Pietrek,Clitheroe,pclitheroejo@google.com.br,M,United States
710,Boy,Garrison,bgarrisonjp@cbc.ca,M,United States
711,Merilyn,Meehan,mmeehanjq@cafepress.com,F,China
712,Kalinda,Haversham,khavershamjr@prlog.org,F,Russia
713,Orella,Titta,otittajs@usatoday.com,F,Indonesia
714,Sherill,Vernazza,svernazzajt@jugem.jp,F,Indonesia
715,Pamella,Nattriss,pnattrissju@jalbum.net,F,China
716,Kelby,Bingall,kbingalljv@joomla.org,M,Indonesia
717,Sophronia,Riddock,sriddockjw@census.gov,F,China
718,Octavia,Hebson,ohebsonjx@shareasale.com,F,Indonesia
719,Faulkner,Pail,fpailjy@ow.ly,M,China
720,Tann,Toppas,ttoppasjz@about.me,M,Indonesia
721,Alexio,Hellyer,ahellyerk0@go.com,M,China
722,Cesare,Mountain,cmountaink1@microsoft.com,M,China
723,Randolph,Steade,rsteadek2@nba.com,M,Russia
724,Devina,Archdeckne,darchdecknek3@nyu.edu,F,Indonesia
725,Bliss,Ewestace,bewestacek4@mozilla.org,F,Indonesia
726,Guenevere,Epp,geppk5@narod.ru,F,China
727,Elmore,Arndtsen,earndtsenk6@nifty.com,M,Indonesia
728,Baird,Orrow,borrowk7@photobucket.com,M,China
729,Kristan,Abbiss,kabbissk8@google.com.br,F,China
730,Marleen,Snuggs,msnuggsk9@squarespace.com,F,United States
731,Ivette,Dutch,idutchka@reference.com,F,Indonesia
732,Cathyleen,Reolfo,creolfokb@bbb.org,F,Russia
733,Dennie,Grubb,dgrubbkc@un.org,M,China
734,Bernardine,Egentan,begentankd@t-online.de,F,China
735,Franky,Forman,fformanke@bigcartel.com,M,China
736,Charis,Brigham,cbrighamkf@friendfeed.com,F,China
737,Jessie,Cowap,jcowapkg@nih.gov,M,China
738,Delilah,Middler,dmiddlerkh@apple.com,F,Russia
739,Adolphe,Penson,apensonki@paypal.com,M,Russia
740,Duncan,Trebbett,dtrebbettkj@nsw.gov.au,M,United States
741,Brew,Accum,baccumkk@census.gov,M,Russia
742,Horacio,Ridges,hridgeskl@rakuten.co.jp,M,China
743,Elisabetta,Clayton,eclaytonkm@imdb.com,F,Indonesia
744,Miranda,Willox,mwilloxkn@craigslist.org,F,Indonesia
745,Griswold,Sweetmore,gsweetmoreko@imgur.com,M,China
746,Richmound,Older,rolderkp@behance.net,M,United States
747,Desi,Tierny,dtiernykq@statcounter.com,M,Indonesia
748,Isiahi,Lucock,ilucockkr@oakley.com,M,China
749,Davy,Harfoot,dharfootks@flickr.com,M,Russia
750,Beverie,Cicchetto,bcicchettokt@cnet.com,F,Indonesia
751,Sharron,Duprey,sdupreyku@archive.org,F,China
752,Sandie,Kyffin,skyffinkv@t.co,F,China
753,Maurie,Dabels,mdabelskw@blog.com,M,Indonesia
754,Kendall,Dugget,kduggetkx@newsvine.com,M,China
755,Fanechka,Dorning,fdorningky@sbwire.com,F,Indonesia
756,Kittie,Louca,kloucakz@yahoo.co.jp,F,Russia
757,Kendal,Anetts,kanettsl0@amazon.de,M,Indonesia
758,Paten,De la Yglesia,pdelayglesial1@tripadvisor.com,M,United States
759,Jelene,Vasic,jvasicl2@sun.com,F,United States
760,Wilburt,Klimowski,wklimowskil3@opensource.org,M,China
761,Manya,Willshear,mwillshearl4@unicef.org,F,Malaysia
762,Juditha,Commander,jcommanderl5@biblegateway.com,F,China
763,Harriott,Keable,hkeablel6@apache.org,F,Russia
764,Isador,McOwan,imcowanl7@chicagotribune.com,M,Indonesia
765,Jodee,Bretland,jbretlandl8@utexas.edu,F,China
766,Rice,Giblett,rgiblettl9@youtu.be,M,China
767,Lissie,Goodredge,lgoodredgela@last.fm,F,China
768,Alaric,Wallicker,awallickerlb@tinyurl.com,M,United States
769,Bendick,Affuso,baffusolc@mtv.com,M,Indonesia
770,Dougy,Carley,dcarleyld@tamu.edu,M,China
771,Klement,Maccaddie,kmaccaddiele@businessinsider.com,M,China
772,Annemarie,Mongenot,amongenotlf@flickr.com,F,China
773,Locke,Astley,lastleylg@typepad.com,M,Indonesia
774,Debera,MacLeese,dmacleeselh@netvibes.com,F,Russia
775,Georgie,Basant,gbasantli@wordpress.com,M,Indonesia
776,Elvyn,Tweddell,etweddelllj@google.com.br,M,China
777,Delmore,Tongue,dtonguelk@cbc.ca,M,Russia
778,Ted,Micheu,tmicheull@simplemachines.org,F,United States
779,Woodman,Whyke,wwhykelm@fema.gov,M,China
780,Elisha,McColl,emccollln@amazon.com,F,China
781,Barbara-anne,Melia,bmelialo@msu.edu,F,China
782,Howie,Labbet,hlabbetlp@webmd.com,M,Indonesia
783,Garik,Pinnion,gpinnionlq@lycos.com,M,Russia
784,Lee,Danneil,ldanneillr@nps.gov,F,Russia
785,Corenda,Vedyasov,cvedyasovls@over-blog.com,F,United States
786,Nickie,Fronsek,nfronseklt@biblegateway.com,F,Russia
787,Esmaria,Gerardeaux,egerardeauxlu@desdev.cn,F,China
788,Cathlene,Dunkerley,cdunkerleylv@flickr.com,F,China
789,Davidson,Trask,dtrasklw@reddit.com,M,Indonesia
790,Herbie,Vasilchenko,hvasilchenkolx@google.de,M,Indonesia
791,Rivkah,Gisburne,rgisburnely@upenn.edu,F,Indonesia
792,Rorke,Haton,rhatonlz@squidoo.com,M,China
793,Juliane,Persich,jpersichm0@japanpost.jp,F,Indonesia
794,Taryn,Trolley,ttrolleym1@techcrunch.com,F,China
795,Delphine,Spatari,dspatarim2@rambler.ru,F,China
796,Kaye,House,khousem3@google.fr,F,China
797,Zorah,O'Crotty,zocrottym4@mtv.com,F,China
798,Lyndel,Compston,lcompstonm5@slashdot.org,F,Indonesia
799,Leonanie,Jahn,ljahnm6@accuweather.com,F,China
800,Collin,Pala,cpalam7@purevolume.com,M,China
801,Vernon,Leate,vleatem8@vinaora.com,M,China
802,Jessey,Provis,jprovism9@twitpic.com,M,China
803,Darlleen,Greenley,dgreenleyma@ucla.edu,F,China
804,Benjamin,Foresight,bforesightmb@miitbeian.gov.cn,M,Russia
805,Martynne,Frosch,mfroschmc@bluehost.com,F,Indonesia
806,Bert,Donett,bdonettmd@barnesandnoble.com,M,China
807,Deonne,DelaField,ddelafieldme@slashdot.org,F,Russia
808,Daniel,Iban,dibanmf@canalblog.com,M,Indonesia
809,Weston,Murney,wmurneymg@google.com.au,M,Indonesia
810,Stanfield,Mebius,smebiusmh@bing.com,M,China
811,Gery,O'Tuohy,gotuohymi@meetup.com,M,China
812,Kary,Kennington,kkenningtonmj@acquirethisname.com,F,Indonesia
813,Gannon,Dudderidge,gdudderidgemk@quantcast.com,M,Indonesia
814,Niko,Lanchester,nlanchesterml@china.com.cn,M,China
815,Efrem,Kiessel,ekiesselmm@wikia.com,M,China
816,Bernita,Gildersleeve,bgildersleevemn@plala.or.jp,F,Indonesia
817,Emelina,Noble,enoblemo@nifty.com,F,China
818,Steffane,Keyson,skeysonmp@comcast.net,F,Russia
819,Christiane,Moses,cmosesmq@weebly.com,F,China
820,Angie,Ruf,arufmr@forbes.com,F,China
821,Nicola,Loraine,nlorainems@blogspot.com,F,Indonesia
822,Peterus,Middlemiss,pmiddlemissmt@liveinternet.ru,M,Indonesia
823,Hayden,Iwanowicz,hiwanowiczmu@com.com,M,Russia
824,Nickolaus,Dracey,ndraceymv@msn.com,M,China
825,Heinrik,Bottini,hbottinimw@paypal.com,M,China
826,Kort,Gogay,kgogaymx@hao123.com,M,China
827,Kayla,Vaisey,kvaiseymy@china.com.cn,F,Indonesia
828,Lesley,Djakovic,ldjakovicmz@ehow.com,F,Indonesia
829,Melody,Czadla,mczadlan0@intel.com,F,Russia
830,Gretna,Hansley,ghansleyn1@ebay.com,F,China
831,Doug,Peddersen,dpeddersenn2@mapy.cz,M,Indonesia
832,Jo-ann,Simpole,jsimpolen3@amazon.co.uk,F,China
833,Caryl,Duran,cdurann4@bigcartel.com,F,China
834,Dennison,Kubala,dkubalan5@gmpg.org,M,China
835,Curran,Klimmek,cklimmekn6@t.co,M,Indonesia
836,Alix,Landreth,alandrethn7@exblog.jp,M,Russia
837,Julietta,Drewet,jdrewetn8@shareasale.com,F,China
838,Inessa,Farens,ifarensn9@google.com,F,China
839,Dorene,Philbin,dphilbinna@tinypic.com,F,Indonesia
840,Phillida,Piddlesden,ppiddlesdennb@chronoengine.com,F,China
841,Lammond,Dowry,ldowrync@samsung.com,M,China
842,Sawyer,Zemler,szemlernd@wunderground.com,M,Indonesia
843,Noellyn,Carneck,ncarneckne@4shared.com,F,China
844,Gusti,Drinnan,gdrinnannf@techcrunch.com,F,China
845,Lexi,Moore,lmooreng@omniture.com,F,China
846,Maurizio,Attenbarrow,mattenbarrownh@wufoo.com,M,Russia
847,Padraig,Draisey,pdraiseyni@chron.com,M,United States
848,Shawn,Gehring,sgehringnj@nps.gov,M,Indonesia
849,Aland,Portail,aportailnk@naver.com,M,United States
850,Maire,Demschke,mdemschkenl@wordpress.org,F,China
851,Zachary,Denyer,zdenyernm@berkeley.edu,M,Indonesia
852,Rebekah,Hurlston,rhurlstonnn@intel.com,F,China
853,Sibby,Puddan,spuddanno@fastcompany.com,F,Russia
854,Kassi,De Cristoforo,kdecristoforonp@google.nl,F,China
855,Annabella,Dalrymple,adalrymplenq@creativecommons.org,F,Russia
856,Shurlock,Copson,scopsonnr@scribd.com,M,Indonesia
857,Guillermo,Gedge,ggedgens@wikispaces.com,M,Indonesia
858,Dinah,Greest,dgreestnt@weebly.com,F,Indonesia
859,Fionna,August,faugustnu@indiegogo.com,F,China
860,Howard,Whebell,hwhebellnv@illinois.edu,M,Indonesia
861,Shaine,Hens,shensnw@ucoz.ru,M,United States
862,Jareb,Isaak,jisaaknx@deviantart.com,M,China
863,Tana,Gofford,tgoffordny@fastcompany.com,F,China
864,Brad,Pichmann,bpichmannnz@huffingtonpost.com,M,Indonesia
865,Jonas,Cantrell,jcantrello0@dell.com,M,Russia
866,Josey,Wayper,jwaypero1@globo.com,F,Russia
867,Jakob,Feldmus,jfeldmuso2@europa.eu,M,Indonesia
868,Lem,Kaufman,lkaufmano3@netvibes.com,M,Russia
869,Quincy,Penketh,qpenketho4@dmoz.org,M,China
870,Karlik,Aymerich,kaymericho5@cnbc.com,M,China
871,Parke,Limpertz,plimpertzo6@jugem.jp,M,China
872,Rhett,Kennealy,rkennealyo7@wix.com,M,Indonesia
873,Aubert,Maynard,amaynardo8@mit.edu,M,Indonesia
874,Genna,Sissot,gsissoto9@prweb.com,F,Indonesia
875,Leonora,Coorington,lcooringtonoa@fastcompany.com,F,China
876,Muhammad,Hamper,mhamperob@statcounter.com,M,China
877,Sunny,Cereceres,scereceresoc@homestead.com,F,China
878,Jacynth,Wainscot,jwainscotod@telegraph.co.uk,F,Indonesia
879,Inglebert,Reyner,ireyneroe@constantcontact.com,M,China
880,Ariel,Hemstead,ahemsteadof@addtoany.com,F,Indonesia
881,Marta,Kordt,mkordtog@jigsy.com,F,China
882,Shepperd,Spleving,ssplevingoh@bizjournals.com,M,China
883,Sebastien,Gingles,sginglesoi@google.nl,M,Indonesia
884,Robina,Maffei,rmaffeioj@photobucket.com,F,China
885,Avictor,Megany,ameganyok@webeden.co.uk,M,China
886,Hayyim,Sokale,hsokaleol@angelfire.com,M,Indonesia
887,Odell,Tybalt,otybaltom@state.gov,M,China
888,Jamie,Edgeley,jedgeleyon@privacy.gov.au,F,United States
889,Devlen,Sydry,dsydryoo@archive.org,M,China
890,Murdock,Van Der Walt,mvanderwaltop@gov.uk,M,Indonesia
891,Jeremiah,Collecott,jcollecottoq@upenn.edu,M,China
892,Gabbie,Fedoronko,gfedoronkoor@jalbum.net,M,Indonesia
893,Rhonda,Olland,rollandos@opensource.org,F,China
894,Chicky,Suston,csustonot@xrea.com,M,China
895,Tamarra,Vardon,tvardonou@aol.com,F,Indonesia
896,Eldridge,Schneidar,eschneidarov@patch.com,M,China
897,Dag,Covotto,dcovottoow@fda.gov,M,Russia
898,Gretel,Fliege,gfliegeox@last.fm,F,China
899,Danni,Adrain,dadrainoy@51.la,F,China
900,Frans,Conti,fcontioz@deviantart.com,M,Russia
901,Dick,Dobrovolny,ddobrovolnyp0@arstechnica.com,M,Russia
902,Nessy,Nisius,nnisiusp1@eventbrite.com,F,China
903,Dulcea,Bisterfeld,dbisterfeldp2@yale.edu,F,Indonesia
904,Viviyan,Sulter,vsulterp3@abc.net.au,F,Indonesia
905,Jeth,Murricanes,jmurricanesp4@yellowpages.com,M,China
906,Emmye,Westmorland,ewestmorlandp5@weebly.com,F,United States
907,Diena,McGenn,dmcgennp6@etsy.com,F,Indonesia
908,Carlin,Philimore,cphilimorep7@ox.ac.uk,M,Indonesia
909,Agustin,Timmis,atimmisp8@1und1.de,M,Indonesia
910,Upton,Jedrys,ujedrysp9@smugmug.com,M,United States
911,Madelina,Benardeau,mbenardeaupa@paypal.com,F,Indonesia
912,Christabella,Garmans,cgarmanspb@pagesperso-orange.fr,F,China
913,Keven,Adaway,kadawaypc@ocn.ne.jp,M,Russia
914,Cosme,Breston,cbrestonpd@craigslist.org,M,China
915,Tabb,Solomonides,tsolomonidespe@g.co,M,Russia
916,Maire,Semble,msemblepf@scribd.com,F,Russia
917,Clementius,Lorens,clorenspg@yelp.com,M,China
918,Pauli,Sallan,psallanph@de.vu,F,China
919,Lorene,Fanshawe,lfanshawepi@yelp.com,F,China
920,Andi,Charopen,acharopenpj@blogs.com,F,Indonesia
921,Fletch,Lax,flaxpk@wsj.com,M,China
922,Nan,Gemmell,ngemmellpl@uiuc.edu,F,Russia
923,Lexy,Cast,lcastpm@examiner.com,F,Indonesia
924,Shaine,Grigoryov,sgrigoryovpn@bing.com,F,China
925,Stanford,Laister,slaisterpo@netvibes.com,M,China
926,Alikee,Leadbeatter,aleadbeatterpp@blogs.com,F,Russia
927,Rip,Winspare,rwinsparepq@zdnet.com,M,Indonesia
928,Gerardo,Koppes,gkoppespr@jalbum.net,M,China
929,Harcourt,Ryam,hryamps@scribd.com,M,China
930,Dominick,Bortolomei,dbortolomeipt@dailymotion.com,M,Indonesia
931,Carie,Sweeney,csweeneypu@drupal.org,F,China
932,Vonni,Bunting,vbuntingpv@sphinn.com,F,China
933,Bartolemo,Lees,bleespw@shutterfly.com,M,Indonesia
934,Egbert,Clout,ecloutpx@xinhuanet.com,M,China
935,Nickola,Arnot,narnotpy@cnet.com,M,China
936,Bernarr,Skidmore,bskidmorepz@dagondesign.com,M,China
937,Chad,McArtan,cmcartanq0@businessinsider.com,M,China
938,Kalvin,Bladder,kbladderq1@trellian.com,M,China
939,Benn,Kach,bkachq2@slashdot.org,M,Indonesia
940,Anabella,Merriott,amerriottq3@illinois.edu,F,China
941,Renate,Hanlin,rhanlinq4@google.cn,F,Indonesia
942,Odelia,Legan,oleganq5@123-reg.co.uk,F,Indonesia
943,Clark,Bartot,cbartotq6@cbslocal.com,M,Indonesia
944,Rusty,Maymond,rmaymondq7@admin.ch,M,China
945,Layney,Saundercock,lsaundercockq8@vk.com,F,China
946,Lanie,Pimblett,lpimblettq9@yahoo.co.jp,F,China
947,Saunders,Gumbrell,sgumbrellqa@slashdot.org,M,Indonesia
948,Klement,Kase,kkaseqb@joomla.org,M,China
949,Vickie,Messenbird,vmessenbirdqc@flavors.me,F,China
950,Angelina,Blockwell,ablockwellqd@ed.gov,F,Indonesia
951,Andriana,Prew,aprewqe@stanford.edu,F,Russia
952,Carmon,Magner,cmagnerqf@cisco.com,F,Indonesia
953,Datha,Borrie,dborrieqg@google.it,F,Malaysia
954,Benson,Halpeine,bhalpeineqh@fastcompany.com,M,China
955,Ardelis,La Rosa,alarosaqi@umn.edu,F,Indonesia
956,Mahalia,Slewcock,mslewcockqj@ning.com,F,Indonesia
957,Caryl,Plewman,cplewmanqk@sphinn.com,F,China
958,Carroll,Powrie,cpowrieql@histats.com,M,Russia
959,Rad,Matfin,rmatfinqm@hibu.com,M,China
960,Aggie,Burrell,aburrellqn@hud.gov,F,Russia
961,Gail,Eagger,geaggerqo@reddit.com,F,China
962,Anne-marie,Pheazey,apheazeyqp@google.com.au,F,China
963,Theodosia,Hasely,thaselyqq@sun.com,F,Russia
964,Micheline,Hiland,mhilandqr@vk.com,F,China
965,Everard,O'Hear,eohearqs@spiegel.de,M,China
966,Vivienne,Cominoli,vcominoliqt@ezinearticles.com,F,China
967,Portie,Luetkemeyer,pluetkemeyerqu@lulu.com,M,China
968,Witty,Jeffress,wjeffressqv@wisc.edu,M,United States
969,Magdalene,Ailsbury,mailsburyqw@europa.eu,F,Russia
970,Nataline,O'Scanlon,noscanlonqx@barnesandnoble.com,F,China
971,Pauly,Woof,pwoofqy@unesco.org,F,Russia
972,Oliviero,Till,otillqz@hud.gov,M,China
973,Darcy,MacLucais,dmaclucaisr0@mysql.com,M,Indonesia
974,Jeannine,Bick,jbickr1@ft.com,F,Indonesia
975,Dahlia,Dodgshon,ddodgshonr2@time.com,F,China
976,Hercules,Durnill,hdurnillr3@soup.io,M,Malaysia
977,Tessi,Vears,tvearsr4@lycos.com,F,China
978,Maible,Salle,msaller5@1688.com,F,Indonesia
979,Buckie,Ramsell,bramsellr6@google.com.au,M,Russia
980,Obed,Gowland,ogowlandr7@biglobe.ne.jp,M,China
981,Betteann,Borleace,bborleacer8@princeton.edu,F,Indonesia
982,Dimitri,Eggleton,deggletonr9@weibo.com,M,Indonesia
983,Esta,Rauprich,erauprichra@reverbnation.com,F,Russia
984,Charlean,Newis,cnewisrb@woothemes.com,F,China
985,Lesya,Hopkins,lhopkinsrc@admin.ch,F,Russia
986,Toma,Wandtke,twandtkerd@google.ru,F,Russia
987,Araldo,Biddiss,abiddissre@diigo.com,M,China
988,Randolf,Cheek,rcheekrf@usa.gov,M,Indonesia
989,Angelo,Uebel,auebelrg@opera.com,M,Indonesia
990,Codi,Babbe,cbabberh@ihg.com,M,Indonesia
991,Fair,Rosberg,frosbergri@macromedia.com,M,Indonesia
992,Iorgos,Haberfield,ihaberfieldrj@rakuten.co.jp,M,Russia
993,Nerty,Wafer,nwaferrk@live.com,F,China
994,Debi,Graine,dgrainerl@scientificamerican.com,F,China
995,Flor,Smart,fsmartrm@forbes.com,F,Indonesia
996,Brynna,Dickey,bdickeyrn@hostgator.com,F,Indonesia
997,Simmonds,Torrie,storriero@sina.com.cn,M,China
998,Far,Gaskoin,fgaskoinrp@nytimes.com,M,Indonesia
999,Rosetta,Deeprose,rdeeproserq@cbslocal.com,F,China
1000,Reidar,Ferrarini,rferrarinirr@samsung.com,M,Russia
