id,first_name,last_name,gender,city,country
1,Mara,Tregensoe,F,Seattle,United.States
2,Gratia,Paulsen,F,Johnson City,United States
3,Brandyn,Simonin,M,Tucson,United States.
4,Hermie,O'Lagene,M,Baton Rouge,United States
5,Karoline,Benditt,F,Birmingham,United States
6,Edmon,Mableson,M,Washington,United States
7,Derrick,O'Curneen,M,El Paso,United States
8,Arnaldo,Hendron,M,Spartanburg,United States
9,Banky,Gulland,M,Charleston,United States
10,Murial,Fain,F,Fort Wayne,United States
11,Marlie,Adanet,F,Lafayette,United States
12,Georgie,Armer,M,Colorado Springs,United States
13,Harv,Beamson,M,Houston,United States
14,Maggi,Tunaclift,F,Chandler,United   States
15,Tonie,Sleet,F,Houston,United States
16,Jacobo,Po,M,Kansas City,United States
17,Mervin,Viner,M,Seattle,United States
18,Gusella,Bewlie,F,Palmdale,United States
19,Giacomo,Lushey,M,Pittsburgh,United States
20,Lynnett,Connikie,F,Rābigh,Saudi Arabia.
21,Dick,Hagergham,M,Midland,United States
22,Jeramie,Varne,M,New Orleans,United States
23,Ebenezer,M'cowis,M,New Hyde Park,United States
24,Milena,Trenfield,F,Toledo,United States
25,Denver,Pate,M,Al Muţayrifī,Saudi-Arabia
26,Brok,Hunston,M,Carlsbad,United States
27,Lynnett,Norley,F,Brooklyn,United States
28,Donia,Franzetti,F,Houston,United States
29,Daveen,Carss,F,Farmington,United States
30,Gillian,Gentric,F,Ocala,United States
31,Adriane,MacPhaden,F,Hatton,United   Kingdom
32,Orelie,Pinchen,F,Savannah,United States
33,Dante,Noddles,M,Toledo,United States
34,Raphael,Clemmett,M,Waterbury,United States
35,Kalila,De Gogay,F,Sacramento,United States
36,Constantino,Naish,M,Pittsburgh,United States
37,Ferrel,Pruckner,M,Syracuse,United States
38,Anderea,Cartledge,F,Decatur,United States
39,Gene,Bennitt,F,Greensboro,United States
40,Lewes,Topling,M,Minneapolis,United States
41,Georgetta,Doree,F,Daytona Beach,United States
42,Raffarty,Jacomb,M,Pittsburgh,United States
43,Jacinthe,Grinval,F,Tucson,United States
44,Son,Nuzzetti,M,Jefferson City,United States
45,Massimo,Kolinsky,M,Oklahoma City,United States
46,Neysa,Greenham,F,Al Muwayh,Saudi Arabia
47,Timi,Llewelly,F,Dallas,United States
48,Gaelan,Brennan,M,Simi Valley,United States
49,Inez,Humphrys,F,Saint Petersburg,United States
50,Guenna,Cropton,F,Fort Lauderdale,United States
51,Piggy,Symes,M,Richmond,United States
52,Derry,Londing,M,Oklahoma City,United States
53,Jonathan,Lerhinan,M,Miami,United States
54,Bernette,Lavall,F,San Antonio,United States
55,Lin,Greasty,M,Erie,United States
56,Lorilyn,Edward,F,Garden Grove,United States
57,Miof mela,Aluard,F,Alexandria,United States
58,Dominga,Pulster,F,San Francisco,United States
59,Theodore,Bulpitt,M,San Jose,United.States
60,Nickie,Kettleson,M,Madison,United States
61,Fayette,Jesson,F,Buffalo,United States
62,Randy,Rawstorn,M,Aurora,United States
63,Jedd,Gowenlock,M,Amarillo,United States
64,Jules,Brounsell,M,Sutton,United Kingdom
65,Cory,Vakhrushev,M,West Palm Beach,United States
66,Maribelle,Ruvel,F,Fort Worth,United States
67,Ulrich,Turneux,M,Birmingham,United States
68,Mareah,Daily,F,Oklahoma City,United States
69,Annette,Bucham,F,Carlsbad,United States
70,Ambur,Barnard,F,Washington,United States
71,Hubey,Moppett,M,Racine,United States
72,Donia,Fomichyov,F,Shawnee Mission,United States
73,Lamar,Solano,M,Gatesville,United-States
74,Polly,Readwood,F,Dean,United.Kingdom
75,Bernadette,Schneider,F,Jeffersonville,United States
76,Wylie,Goode,M,Saint Petersburg,United States
77,Joete,Doust,F,Shawnee Mission,United States
78,Shelby,Kesper,F,Los Angeles,United States
79,Meredithe,Defty,F,San Jose,United States
80,Justus,Bearblock,M,Cedar Rapids,United States
81,Noach,Van Oort,M,Aberdeen,United Kingdom
82,Roselle,Lendrem,F,Houston,United States
83,Sal,Hawksley,M,Gary,United States
84,Jacquelyn,Gennerich,F,Shreveport,United States
85,Payton,Renshaw,M,Albuquerque,United States
86,Piper,Hairsnape,F,Bradenton,United States
87,Justinian,Louw,M,Pittsburgh,United States
88,Vanna,Posnett,F,Mountain View,United States
89,Karim,Cain,M,Dibba Al-Hisn,United Arab Emirates
90,Roberto,Von Gladbach,M,Dallas,United States
91,Lamar,Billyeald,M,Atlanta,United States
92,Katinka,Quiddihy,F,Camden,United States
93,Flossie,Tesh,F,San Diego,United States
94,Ike,Leppington,M,Humble,United States
95,Matty,Attenburrow,F,Shawnee Mission,United States
96,Zane,Keers,M,New York City,United States
97,Bradley,Igoe,M,Wirral,United Kingdom
98,Nefen,Summerson,M,Salt Lake City,United States
99,Mona,Winders,F,Albany,United States
100,Celisse,Parren,F,Rochester,United States
